,Year,State,Population
414,2018,ALABAMA,"6,000"
415,2018,ARIZONA,"24,000"
416,2018,ARKANSAS,"28,000"
417,2018,CALIFORNIA,"335,000"
418,2018,COLORADO,"31,000"
419,2018,FLORIDA,"215,000"
420,2018,GEORGIA,"98,000"
421,2018,HAWAII,"17,000"
422,2018,IDAHO,"96,000"
423,2018,ILLINOIS,"11,000"
424,2018,INDIANA,"7,000"
425,2018,IOWA,"38,000"
426,2018,KANSAS,"5,000"
427,2018,KENTUCKY,"4,000"
428,2018,LOUISIANA,"45,000"
429,2018,MAINE,"12,000"
430,2018,MICHIGAN,"92,000"
431,2018,MINNESOTA,"119,000"
432,2018,MISSISSIPPI,"20,000"
433,2018,MISSOURI,"9,000"
434,2018,MONTANA,"160,000"
435,2018,NEBRASKA,"40,000"
436,2018,NEW JERSEY,"13,000"
437,2018,NEW YORK,"56,000"
438,2018,NORTH CAROLINA,"10,000"
439,2018,NORTH DAKOTA,"530,000"
440,2018,OHIO,"14,000"
441,2018,OREGON,"93,000"
442,2018,OTHER STATES,"36,000"
443,2018,PENNSYLVANIA,"19,000"
444,2018,SOUTH CAROLINA,"16,000"
445,2018,SOUTH DAKOTA,"255,000"
446,2018,TENNESSEE,"7,000"
447,2018,TEXAS,"132,000"
448,2018,UTAH,"26,000"
449,2018,VERMONT,"7,000"
450,2018,VIRGINIA,"4,000"
451,2018,WASHINGTON,"77,000"
452,2018,WEST VIRGINIA,"6,000"
453,2018,WISCONSIN,"51,000"
454,2018,WYOMING,"39,000"
2111,2017,ALABAMA,"7,000"
2112,2017,ARIZONA,"22,000"
2113,2017,ARKANSAS,"29,000"
2114,2017,CALIFORNIA,"335,000"
2115,2017,COLORADO,"33,000"
2116,2017,FLORIDA,"205,000"
2117,2017,GEORGIA,"99,000"
2118,2017,HAWAII,"19,000"
2119,2017,IDAHO,"95,000"
2120,2017,ILLINOIS,"11,000"
2121,2017,INDIANA,"8,000"
2122,2017,IOWA,"35,000"
2123,2017,KANSAS,"7,000"
2124,2017,KENTUCKY,"5,000"
2125,2017,LOUISIANA,"43,000"
2126,2017,MAINE,"12,000"
2127,2017,MICHIGAN,"87,000"
2128,2017,MINNESOTA,"126,000"
2129,2017,MISSISSIPPI,"18,000"
2130,2017,MISSOURI,"8,000"
2131,2017,MONTANA,"145,000"
2132,2017,NEBRASKA,"42,000"
2133,2017,NEW JERSEY,"13,000"
2134,2017,NEW YORK,"57,000"
2135,2017,NORTH CAROLINA,"11,000"
2136,2017,NORTH DAKOTA,"455,000"
2137,2017,OHIO,"15,000"
2138,2017,OREGON,"78,000"
2139,2017,OTHER STATES,"35,000"
2140,2017,PENNSYLVANIA,"16,000"
2141,2017,SOUTH CAROLINA,"16,000"
2142,2017,SOUTH DAKOTA,"255,000"
2143,2017,TENNESSEE,"7,000"
2144,2017,TEXAS,"120,000"
2145,2017,UTAH,"27,000"
2146,2017,VERMONT,"7,000"
2147,2017,VIRGINIA,"6,000"
2148,2017,WASHINGTON,"77,000"
2149,2017,WEST VIRGINIA,"6,000"
2150,2017,WISCONSIN,"53,000"
2151,2017,WYOMING,"39,000"
3805,2016,ALABAMA,"7,000"
3806,2016,ARIZONA,"27,000"
3807,2016,ARKANSAS,"24,000"
3808,2016,CALIFORNIA,"310,000"
3809,2016,COLORADO,"32,000"
3810,2016,FLORIDA,"215,000"
3811,2016,GEORGIA,"96,000"
3812,2016,HAWAII,"18,000"
3813,2016,IDAHO,"97,000"
3814,2016,ILLINOIS,"10,000"
3815,2016,INDIANA,"8,000"
3816,2016,IOWA,"37,000"
3817,2016,KANSAS,"7,000"
3818,2016,KENTUCKY,"5,000"
3819,2016,LOUISIANA,"50,000"
3820,2016,MAINE,"12,000"
3821,2016,MICHIGAN,"89,000"
3822,2016,MINNESOTA,"124,000"
3823,2016,MISSISSIPPI,"19,000"
3824,2016,MISSOURI,"8,000"
3825,2016,MONTANA,"159,000"
3826,2016,NEBRASKA,"48,000"
3827,2016,NEW JERSEY,"12,000"
3828,2016,NEW YORK,"64,000"
3829,2016,NORTH CAROLINA,"12,000"
3830,2016,NORTH DAKOTA,"485,000"
3831,2016,OHIO,"15,000"
3832,2016,OREGON,"74,000"
3833,2016,OTHER STATES,"37,000"
3834,2016,PENNSYLVANIA,"19,000"
3835,2016,SOUTH CAROLINA,"16,000"
3836,2016,SOUTH DAKOTA,"280,000"
3837,2016,TENNESSEE,"6,000"
3838,2016,TEXAS,"133,000"
3839,2016,UTAH,"31,000"
3840,2016,VERMONT,"6,000"
3841,2016,VIRGINIA,"5,000"
3842,2016,WASHINGTON,"84,000"
3843,2016,WEST VIRGINIA,"5,000"
3844,2016,WISCONSIN,"54,000"
3845,2016,WYOMING,"40,000"
5502,2015,ALABAMA,"7,000"
5503,2015,ARIZONA,"26,000"
5504,2015,ARKANSAS,"24,000"
5505,2015,CALIFORNIA,"275,000"
5506,2015,COLORADO,"29,000"
5507,2015,FLORIDA,"220,000"
5508,2015,GEORGIA,"69,000"
5509,2015,HAWAII,"16,000"
5510,2015,IDAHO,"89,000"
5511,2015,ILLINOIS,"8,000"
5512,2015,INDIANA,"6,000"
5513,2015,IOWA,"36,000"
5514,2015,KANSAS,"8,000"
5515,2015,KENTUCKY,"5,000"
5516,2015,LOUISIANA,"44,000"
5517,2015,MAINE,"10,000"
5518,2015,MICHIGAN,"90,000"
5519,2015,MINNESOTA,"122,000"
5520,2015,MISSISSIPPI,"15,000"
5521,2015,MISSOURI,"10,000"
5522,2015,MONTANA,"146,000"
5523,2015,NEBRASKA,"57,000"
5524,2015,NEW JERSEY,"12,000"
5525,2015,NEW YORK,"58,000"
5526,2015,NORTH CAROLINA,"12,000"
5527,2015,NORTH DAKOTA,"490,000"
5528,2015,OHIO,"17,000"
5529,2015,OREGON,"71,000"
5530,2015,OTHER STATES,"30,000"
5531,2015,PENNSYLVANIA,"17,000"
5532,2015,SOUTH CAROLINA,"14,000"
5533,2015,SOUTH DAKOTA,"290,000"
5534,2015,TENNESSEE,"7,000"
5535,2015,TEXAS,"126,000"
5536,2015,UTAH,"27,000"
5537,2015,VERMONT,"5,000"
5538,2015,VIRGINIA,"5,000"
5539,2015,WASHINGTON,"73,000"
5540,2015,WEST VIRGINIA,"5,000"
5541,2015,WISCONSIN,"52,000"
5542,2015,WYOMING,"38,000"
7199,2014,ALABAMA,"7,000"
7200,2014,ARIZONA,"26,000"
7201,2014,ARKANSAS,"21,000"
7202,2014,CALIFORNIA,"320,000"
7203,2014,COLORADO,"27,000"
7204,2014,FLORIDA,"245,000"
7205,2014,GEORGIA,"73,000"
7206,2014,HAWAII,"15,000"
7207,2014,IDAHO,"100,000"
7208,2014,ILLINOIS,"8,000"
7209,2014,INDIANA,"5,000"
7210,2014,IOWA,"35,000"
7211,2014,KANSAS,"7,000"
7212,2014,KENTUCKY,"5,000"
7213,2014,LOUISIANA,"48,000"
7214,2014,MAINE,"8,000"
7215,2014,MICHIGAN,"91,000"
7216,2014,MINNESOTA,"132,000"
7217,2014,MISSISSIPPI,"20,000"
7218,2014,MISSOURI,"12,000"
7219,2014,MONTANA,"162,000"
7220,2014,NEBRASKA,"50,000"
7221,2014,NEW JERSEY,"12,000"
7222,2014,NEW YORK,"60,000"
7223,2014,NORTH CAROLINA,"12,000"
7224,2014,NORTH DAKOTA,"490,000"
7225,2014,OHIO,"15,000"
7226,2014,OREGON,"71,000"
7227,2014,OTHER STATES,"31,000"
7228,2014,PENNSYLVANIA,"17,000"
7229,2014,SOUTH CAROLINA,"9,000"
7230,2014,SOUTH DAKOTA,"280,000"
7231,2014,TENNESSEE,"7,000"
7232,2014,TEXAS,"116,000"
7233,2014,UTAH,"29,000"
7234,2014,VERMONT,"4,000"
7235,2014,VIRGINIA,"6,000"
7236,2014,WASHINGTON,"68,000"
7237,2014,WEST VIRGINIA,"6,000"
7238,2014,WISCONSIN,"53,000"
7239,2014,WYOMING,"38,000"
7240,2013,ALABAMA,"7,000"
7241,2013,ARIZONA,"29,000"
7242,2013,ARKANSAS,"22,000"
7243,2013,CALIFORNIA,"330,000"
7244,2013,COLORADO,"26,000"
7245,2013,FLORIDA,"220,000"
7246,2013,GEORGIA,"67,000"
7247,2013,HAWAII,"13,000"
7248,2013,IDAHO,"83,000"
7249,2013,ILLINOIS,"7,000"
7250,2013,INDIANA,"6,000"
7251,2013,IOWA,"39,000"
7252,2013,KANSAS,"6,000"
7253,2013,KENTUCKY,"3,000"
7254,2013,LOUISIANA,"50,000"
7255,2013,MAINE,"7,000"
7256,2013,MICHIGAN,"85,000"
7257,2013,MINNESOTA,"130,000"
7258,2013,MISSISSIPPI,"17,000"
7259,2013,MISSOURI,"10,000"
7260,2013,MONTANA,"159,000"
7261,2013,NEBRASKA,"46,000"
7262,2013,NEW JERSEY,"11,000"
7263,2013,NEW YORK,"55,000"
7264,2013,NORTH CAROLINA,"10,000"
7265,2013,NORTH DAKOTA,"480,000"
7266,2013,OHIO,"17,000"
7267,2013,OREGON,"62,000"
7268,2013,OTHER STATES,"33,000"
7269,2013,PENNSYLVANIA,"13,000"
7270,2013,SOUTH DAKOTA,"265,000"
7271,2013,TENNESSEE,"7,000"
7272,2013,TEXAS,"106,000"
7273,2013,UTAH,"30,000"
7274,2013,VERMONT,"4,000"
7275,2013,VIRGINIA,"5,000"
7276,2013,WASHINGTON,"69,000"
7277,2013,WEST VIRGINIA,"6,000"
7278,2013,WISCONSIN,"59,000"
7279,2013,WYOMING,"47,000"
7280,2012,ALABAMA,"8,000"
7281,2012,ARIZONA,"22,000"
7282,2012,ARKANSAS,"25,000"
7283,2012,CALIFORNIA,"330,000"
7284,2012,COLORADO,"25,000"
7285,2012,FLORIDA,"193,000"
7286,2012,GEORGIA,"59,000"
7287,2012,HAWAII,"10,000"
7288,2012,IDAHO,"92,000"
7289,2012,ILLINOIS,"7,000"
7290,2012,INDIANA,"8,000"
7291,2012,IOWA,"37,000"
7292,2012,KANSAS,"6,000"
7293,2012,KENTUCKY,"5,000"
7294,2012,LOUISIANA,"41,000"
7295,2012,MAINE,"4,000"
7296,2012,MICHIGAN,"73,000"
7297,2012,MINNESOTA,"125,000"
7298,2012,MISSISSIPPI,"18,000"
7299,2012,MISSOURI,"7,000"
7300,2012,MONTANA,"145,000"
7301,2012,NEBRASKA,"43,000"
7302,2012,NEW JERSEY,"14,000"
7303,2012,NEW MEXICO,"5,000"
7304,2012,NEW YORK,"51,000"
7305,2012,NORTH CAROLINA,"13,000"
7306,2012,NORTH DAKOTA,"480,000"
7307,2012,OHIO,"18,000"
7308,2012,OREGON,"60,000"
7309,2012,OTHER STATES,"30,000"
7310,2012,PENNSYLVANIA,"16,000"
7311,2012,SOUTH DAKOTA,"260,000"
7312,2012,TENNESSEE,"6,000"
7313,2012,TEXAS,"92,000"
7314,2012,UTAH,"25,000"
7315,2012,VERMONT,"4,000"
7316,2012,VIRGINIA,"4,000"
7317,2012,WASHINGTON,"62,000"
7318,2012,WEST VIRGINIA,"6,000"
7319,2012,WISCONSIN,"60,000"
7320,2012,WYOMING,"50,000"
7321,2011,ALABAMA,"9,000"
7322,2011,ARIZONA,"23,000"
7323,2011,ARKANSAS,"22,000"
7324,2011,CALIFORNIA,"370,000"
7325,2011,COLORADO,"31,000"
7326,2011,FLORIDA,"180,000"
7327,2011,GEORGIA,"65,000"
7328,2011,HAWAII,"9,000"
7329,2011,IDAHO,"87,000"
7330,2011,ILLINOIS,"7,000"
7331,2011,INDIANA,"8,000"
7332,2011,IOWA,"25,000"
7333,2011,KANSAS,"7,000"
7334,2011,KENTUCKY,"4,000"
7335,2011,LOUISIANA,"36,000"
7336,2011,MAINE,"4,000"
7337,2011,MICHIGAN,"74,000"
7338,2011,MINNESOTA,"120,000"
7339,2011,MISSISSIPPI,"18,000"
7340,2011,MISSOURI,"8,000"
7341,2011,MONTANA,"145,000"
7342,2011,NEBRASKA,"41,000"
7343,2011,NEW JERSEY,"11,000"
7344,2011,NEW MEXICO,"7,000"
7345,2011,NEW YORK,"49,000"
7346,2011,NORTH CAROLINA,"14,000"
7347,2011,NORTH DAKOTA,"460,000"
7348,2011,OHIO,"15,000"
7349,2011,OREGON,"60,000"
7350,2011,OTHER STATES,"25,000"
7351,2011,PENNSYLVANIA,"24,000"
7352,2011,SOUTH DAKOTA,"250,000"
7353,2011,TENNESSEE,"7,000"
7354,2011,TEXAS,"78,000"
7355,2011,UTAH,"23,000"
7356,2011,VERMONT,"4,000"
7357,2011,VIRGINIA,"4,000"
7358,2011,WASHINGTON,"71,000"
7359,2011,WEST VIRGINIA,"4,000"
7360,2011,WISCONSIN,"57,000"
7361,2011,WYOMING,"35,000"
7362,2010,ALABAMA,"9,000"
7363,2010,ARIZONA,"24,000"
7364,2010,ARKANSAS,"25,000"
7365,2010,CALIFORNIA,"410,000"
7366,2010,COLORADO,"34,000"
7367,2010,FLORIDA,"200,000"
7368,2010,GEORGIA,"55,000"
7369,2010,HAWAII,"10,000"
7370,2010,IDAHO,"97,000"
7371,2010,ILLINOIS,"9,000"
7372,2010,INDIANA,"10,000"
7373,2010,IOWA,"27,000"
7374,2010,KANSAS,"9,000"
7375,2010,KENTUCKY,"5,000"
7376,2010,LOUISIANA,"36,000"
7377,2010,MAINE,"5,000"
7378,2010,MICHIGAN,"71,000"
7379,2010,MINNESOTA,"128,000"
7380,2010,MISSISSIPPI,"16,000"
7381,2010,MISSOURI,"11,000"
7382,2010,MONTANA,"157,000"
7383,2010,NEBRASKA,"41,000"
7384,2010,NEW JERSEY,"13,000"
7385,2010,NEW MEXICO,"7,000"
7386,2010,NEW YORK,"45,000"
7387,2010,NORTH CAROLINA,"13,000"
7388,2010,NORTH DAKOTA,"510,000"
7389,2010,OHIO,"18,000"
7390,2010,OREGON,"59,000"
7391,2010,OTHER STATES,"26,000"
7392,2010,PENNSYLVANIA,"30,000"
7393,2010,SOUTH DAKOTA,"265,000"
7394,2010,TENNESSEE,"8,000"
7395,2010,TEXAS,"100,000"
7396,2010,UTAH,"26,000"
7397,2010,VERMONT,"4,000"
7398,2010,VIRGINIA,"5,000"
7399,2010,WASHINGTON,"71,000"
7400,2010,WEST VIRGINIA,"5,000"
7401,2010,WISCONSIN,"64,000"
7402,2010,WYOMING,"34,000"
7403,2009,ALABAMA,"9,000"
7404,2009,ARIZONA,"20,000"
7405,2009,ARKANSAS,"24,000"
7406,2009,CALIFORNIA,"355,000"
7407,2009,COLORADO,"28,000"
7408,2009,FLORIDA,"170,000"
7409,2009,GEORGIA,"65,000"
7410,2009,HAWAII,"10,000"
7411,2009,IDAHO,"103,000"
7412,2009,ILLINOIS,"8,000"
7413,2009,INDIANA,"9,000"
7414,2009,IOWA,"26,000"
7415,2009,KANSAS,"9,000"
7416,2009,KENTUCKY,"5,000"
7417,2009,LOUISIANA,"37,000"
7418,2009,MAINE,"6,000"
7419,2009,MICHIGAN,"66,000"
7420,2009,MINNESOTA,"122,000"
7421,2009,MISSISSIPPI,"14,000"
7422,2009,MISSOURI,"11,000"
7423,2009,MONTANA,"146,000"
7424,2009,NEBRASKA,"48,000"
7425,2009,NEW JERSEY,"11,000"
7426,2009,NEW MEXICO,"7,000"
7427,2009,NEW YORK,"45,000"
7428,2009,NORTH CAROLINA,"11,000"
7429,2009,NORTH DAKOTA,"450,000"
7430,2009,OHIO,"11,000"
7431,2009,OREGON,"55,000"
7432,2009,OTHER STATES,"26,000"
7433,2009,PENNSYLVANIA,"21,000"
7434,2009,SOUTH DAKOTA,"270,000"
7435,2009,TENNESSEE,"7,000"
7436,2009,TEXAS,"89,000"
7437,2009,UTAH,"26,000"
7438,2009,VERMONT,"5,000"
7439,2009,VIRGINIA,"6,000"
7440,2009,WASHINGTON,"62,000"
7441,2009,WEST VIRGINIA,"5,000"
7442,2009,WISCONSIN,"63,000"
7443,2009,WYOMING,"37,000"
7444,2008,ALABAMA,"9,000"
7445,2008,ARIZONA,"25,000"
7446,2008,ARKANSAS,"28,000"
7447,2008,CALIFORNIA,"360,000"
7448,2008,COLORADO,"27,000"
7449,2008,FLORIDA,"150,000"
7450,2008,GEORGIA,"65,000"
7451,2008,HAWAII,"10,000"
7452,2008,IDAHO,"90,000"
7453,2008,ILLINOIS,"8,000"
7454,2008,INDIANA,"7,000"
7455,2008,IOWA,"24,000"
7456,2008,KANSAS,"10,000"
7457,2008,KENTUCKY,"4,000"
7458,2008,LOUISIANA,"40,000"
7459,2008,MAINE,"7,000"
7460,2008,MICHIGAN,"71,000"
7461,2008,MINNESOTA,"122,000"
7462,2008,MISSISSIPPI,"14,000"
7463,2008,MISSOURI,"11,000"
7464,2008,MONTANA,"134,000"
7465,2008,NEBRASKA,"36,000"
7466,2008,NEVADA,"10,000"
7467,2008,NEW JERSEY,"9,000"
7468,2008,NEW MEXICO,"6,000"
7469,2008,NEW YORK,"50,000"
7470,2008,NORTH CAROLINA,"12,000"
7471,2008,NORTH DAKOTA,"400,000"
7472,2008,OHIO,"14,000"
7473,2008,OREGON,"50,000"
7474,2008,OTHER STATES,"16,000"
7475,2008,PENNSYLVANIA,"23,000"
7476,2008,SOUTH DAKOTA,"225,000"
7477,2008,TENNESSEE,"7,000"
7478,2008,TEXAS,"77,000"
7479,2008,UTAH,"28,000"
7480,2008,VERMONT,"5,000"
7481,2008,VIRGINIA,"6,000"
7482,2008,WASHINGTON,"49,000"
7483,2008,WEST VIRGINIA,"6,000"
7484,2008,WISCONSIN,"58,000"
7485,2008,WYOMING,"39,000"
7486,2007,ALABAMA,"11,000"
7487,2007,ARIZONA,"30,000"
7488,2007,ARKANSAS,"28,000"
7489,2007,CALIFORNIA,"340,000"
7490,2007,COLORADO,"31,000"
7491,2007,FLORIDA,"160,000"
7492,2007,GEORGIA,"60,000"
7493,2007,HAWAII,"10,000"
7494,2007,IDAHO,"92,000"
7495,2007,ILLINOIS,"9,000"
7496,2007,INDIANA,"8,000"
7497,2007,IOWA,"26,000"
7498,2007,KANSAS,"14,000"
7499,2007,KENTUCKY,"4,000"
7500,2007,LOUISIANA,"29,000"
7501,2007,MAINE,"9,000"
7502,2007,MICHIGAN,"72,000"
7503,2007,MINNESOTA,"130,000"
7504,2007,MISSISSIPPI,"15,000"
7505,2007,MISSOURI,"14,000"
7506,2007,MONTANA,"135,000"
7507,2007,NEBRASKA,"45,000"
7508,2007,NEVADA,"10,000"
7509,2007,NEW JERSEY,"9,000"
7510,2007,NEW MEXICO,"6,000"
7511,2007,NEW YORK,"53,000"
7512,2007,NORTH CAROLINA,"12,000"
7513,2007,NORTH DAKOTA,"420,000"
7514,2007,OHIO,"14,000"
7515,2007,OREGON,"46,000"
7516,2007,OTHER STATES,"15,000"
7517,2007,PENNSYLVANIA,"25,000"
7518,2007,SOUTH DAKOTA,"255,000"
7519,2007,TENNESSEE,"7,000"
7520,2007,TEXAS,"105,000"
7521,2007,UTAH,"28,000"
7522,2007,VERMONT,"5,000"
7523,2007,VIRGINIA,"6,000"
7524,2007,WASHINGTON,"46,000"
7525,2007,WEST VIRGINIA,"6,000"
7526,2007,WISCONSIN,"60,000"
7527,2007,WYOMING,"43,000"
7528,2006,ALABAMA,"11,000"
7529,2006,ARIZONA,"30,000"
7530,2006,ARKANSAS,"32,000"
7531,2006,CALIFORNIA,"380,000"
7532,2006,COLORADO,"36,000"
7533,2006,FLORIDA,"170,000"
7534,2006,GEORGIA,"63,000"
7535,2006,HAWAII,"10,000"
7536,2006,IDAHO,"95,000"
7537,2006,ILLINOIS,"10,000"
7538,2006,INDIANA,"7,000"
7539,2006,IOWA,"26,000"
7540,2006,KANSAS,"14,000"
7541,2006,KENTUCKY,"5,000"
7542,2006,LOUISIANA,"30,000"
7543,2006,MAINE,"11,000"
7544,2006,MICHIGAN,"72,000"
7545,2006,MINNESOTA,"125,000"
7546,2006,MISSISSIPPI,"14,000"
7547,2006,MISSOURI,"15,000"
7548,2006,MONTANA,"132,000"
7549,2006,NEBRASKA,"47,000"
7550,2006,NEVADA,"9,000"
7551,2006,NEW JERSEY,"9,000"
7552,2006,NEW MEXICO,"7,000"
7553,2006,NEW YORK,"58,000"
7554,2006,NORTH CAROLINA,"10,000"
7555,2006,NORTH DAKOTA,"350,000"
7556,2006,OHIO,"14,000"
7557,2006,OREGON,"46,000"
7558,2006,OTHER STATES,"16,000"
7559,2006,PENNSYLVANIA,"28,000"
7560,2006,SOUTH DAKOTA,"225,000"
7561,2006,TENNESSEE,"7,000"
7562,2006,TEXAS,"82,000"
7563,2006,UTAH,"26,000"
7564,2006,VERMONT,"6,000"
7565,2006,VIRGINIA,"8,000"
7566,2006,WASHINGTON,"49,000"
7567,2006,WEST VIRGINIA,"6,000"
7568,2006,WISCONSIN,"64,000"
7569,2006,WYOMING,"39,000"
7570,2005,ALABAMA,"13,000"
7571,2005,ARIZONA,"36,000"
7572,2005,ARKANSAS,"36,000"
7573,2005,CALIFORNIA,"400,000"
7574,2005,COLORADO,"28,000"
7575,2005,FLORIDA,"160,000"
7576,2005,GEORGIA,"59,000"
7577,2005,HAWAII,"9,000"
7578,2005,IDAHO,"95,000"
7579,2005,ILLINOIS,"8,000"
7580,2005,INDIANA,"8,000"
7581,2005,IOWA,"28,000"
7582,2005,KANSAS,"16,000"
7583,2005,KENTUCKY,"5,000"
7584,2005,LOUISIANA,"35,000"
7585,2005,MAINE,"8,000"
7586,2005,MICHIGAN,"65,000"
7587,2005,MINNESOTA,"120,000"
7588,2005,MISSISSIPPI,"16,000"
7589,2005,MISSOURI,"15,000"
7590,2005,MONTANA,"130,000"
7591,2005,NEBRASKA,"40,000"
7592,2005,NEVADA,"12,000"
7593,2005,NEW JERSEY,"12,000"
7594,2005,NEW MEXICO,"7,000"
7595,2005,NEW YORK,"59,000"
7596,2005,NORTH CAROLINA,"10,000"
7597,2005,NORTH DAKOTA,"370,000"
7598,2005,OHIO,"15,000"
7599,2005,OREGON,"39,000"
7600,2005,OTHER STATES,"15,000"
7601,2005,PENNSYLVANIA,"28,000"
7602,2005,SOUTH DAKOTA,"220,000"
7603,2005,TENNESSEE,"7,000"
7604,2005,TEXAS,"84,000"
7605,2005,UTAH,"24,000"
7606,2005,VERMONT,"6,000"
7607,2005,VIRGINIA,"8,000"
7608,2005,WASHINGTON,"51,000"
7609,2005,WEST VIRGINIA,"8,000"
7610,2005,WISCONSIN,"64,000"
7611,2005,WYOMING,"40,000"
7612,2004,ALABAMA,"12,000"
7613,2004,ARIZONA,"32,000"
7614,2004,ARKANSAS,"40,000"
7615,2004,CALIFORNIA,"390,000"
7616,2004,COLORADO,"23,000"
7617,2004,FLORIDA,"205,000"
7618,2004,GEORGIA,"63,000"
7619,2004,HAWAII,"8,000"
7620,2004,IDAHO,"100,000"
7621,2004,ILLINOIS,"7,000"
7622,2004,INDIANA,"7,000"
7623,2004,IOWA,"35,000"
7624,2004,KANSAS,"14,000"
7625,2004,KENTUCKY,"5,000"
7626,2004,LOUISIANA,"35,000"
7627,2004,MAINE,"7,000"
7628,2004,MICHIGAN,"65,000"
7629,2004,MINNESOTA,"135,000"
7630,2004,MISSISSIPPI,"18,000"
7631,2004,MISSOURI,"16,000"
7632,2004,MONTANA,"140,000"
7633,2004,NEBRASKA,"51,000"
7634,2004,NEVADA,"14,000"
7635,2004,NEW JERSEY,"12,000"
7636,2004,NEW MEXICO,"8,000"
7637,2004,NEW YORK,"64,000"
7638,2004,NORTH CAROLINA,"9,000"
7639,2004,NORTH DAKOTA,"390,000"
7640,2004,OHIO,"16,000"
7641,2004,OREGON,"42,000"
7642,2004,OTHER STATES,"15,000"
7643,2004,PENNSYLVANIA,"30,000"
7644,2004,SOUTH DAKOTA,"215,000"
7645,2004,TENNESSEE,"6,000"
7646,2004,TEXAS,"116,000"
7647,2004,UTAH,"24,000"
7648,2004,VERMONT,"6,000"
7649,2004,VIRGINIA,"7,000"
7650,2004,WASHINGTON,"56,000"
7651,2004,WEST VIRGINIA,"9,000"
7652,2004,WISCONSIN,"68,000"
7653,2004,WYOMING,"39,000"
7654,2003,ALABAMA,"13,000"
7655,2003,ARIZONA,"35,000"
7656,2003,ARKANSAS,"40,000"
7657,2003,CALIFORNIA,"480,000"
7658,2003,COLORADO,"24,000"
7659,2003,FLORIDA,"210,000"
7660,2003,GEORGIA,"52,000"
7661,2003,HAWAII,"7,000"
7662,2003,IDAHO,"100,000"
7663,2003,ILLINOIS,"7,000"
7664,2003,INDIANA,"5,000"
7665,2003,IOWA,"32,000"
7666,2003,KANSAS,"16,000"
7667,2003,KENTUCKY,"5,000"
7668,2003,LOUISIANA,"34,000"
7669,2003,MAINE,"8,000"
7670,2003,MARYLAND,"2,000"
7671,2003,MICHIGAN,"65,000"
7672,2003,MINNESOTA,"120,000"
7673,2003,MISSISSIPPI,"21,000"
7674,2003,MISSOURI,"17,000"
7675,2003,MONTANA,"145,000"
7676,2003,NEBRASKA,"45,000"
7677,2003,NEVADA,"6,000"
7678,2003,NEW JERSEY,"10,000"
7679,2003,NEW MEXICO,"6,000"
7680,2003,NEW YORK,"67,000"
7681,2003,NORTH CAROLINA,"10,000"
7682,2003,NORTH DAKOTA,"340,000"
7683,2003,OHIO,"15,000"
7684,2003,OKLAHOMA,"3,000"
7685,2003,OREGON,"42,000"
7686,2003,OTHER STATES,"8,000"
7687,2003,PENNSYLVANIA,"27,000"
7688,2003,SOUTH CAROLINA,"4,000"
7689,2003,SOUTH DAKOTA,"215,000"
7690,2003,TENNESSEE,"6,000"
7691,2003,TEXAS,"140,000"
7692,2003,UTAH,"25,000"
7693,2003,VERMONT,"7,000"
7694,2003,VIRGINIA,"6,000"
7695,2003,WASHINGTON,"58,000"
7696,2003,WEST VIRGINIA,"8,000"
7697,2003,WISCONSIN,"74,000"
7698,2003,WYOMING,"39,000"
7699,2002,ALABAMA,"12,000"
7700,2002,ARIZONA,"38,000"
7701,2002,ARKANSAS,"45,000"
7702,2002,CALIFORNIA,"470,000"
7703,2002,COLORADO,"24,000"
7704,2002,FLORIDA,"220,000"
7705,2002,GEORGIA,"50,000"
7706,2002,HAWAII,"7,000"
7707,2002,IDAHO,"100,000"
7708,2002,ILLINOIS,"9,000"
7709,2002,INDIANA,"8,000"
7710,2002,IOWA,"33,000"
7711,2002,KANSAS,"17,000"
7712,2002,KENTUCKY,"5,000"
7713,2002,LOUISIANA,"35,000"
7714,2002,MAINE,"11,000"
7715,2002,MARYLAND,"3,000"
7716,2002,MICHIGAN,"72,000"
7717,2002,MINNESOTA,"117,000"
7718,2002,MISSISSIPPI,"18,000"
7719,2002,MISSOURI,"18,000"
7720,2002,MONTANA,"134,000"
7721,2002,NEBRASKA,"43,000"
7722,2002,NEVADA,"9,000"
7723,2002,NEW JERSEY,"11,000"
7724,2002,NEW MEXICO,"11,000"
7725,2002,NEW YORK,"60,000"
7726,2002,NORTH CAROLINA,"16,000"
7727,2002,NORTH DAKOTA,"320,000"
7728,2002,OHIO,"18,000"
7729,2002,OKLAHOMA,"3,000"
7730,2002,OREGON,"43,000"
7731,2002,OTHER STATES,"9,000"
7732,2002,PENNSYLVANIA,"29,000"
7733,2002,SOUTH CAROLINA,"5,000"
7734,2002,SOUTH DAKOTA,"225,000"
7735,2002,TENNESSEE,"8,000"
7736,2002,TEXAS,"114,000"
7737,2002,UTAH,"22,000"
7738,2002,VERMONT,"7,000"
7739,2002,VIRGINIA,"8,000"
7740,2002,WASHINGTON,"50,000"
7741,2002,WEST VIRGINIA,"9,000"
7742,2002,WISCONSIN,"70,000"
7743,2002,WYOMING,"38,000"
7744,2001,ALABAMA,"14,000"
7745,2001,ARIZONA,"43,000"
7746,2001,ARKANSAS,"50,000"
7747,2001,CALIFORNIA,"460,000"
7748,2001,COLORADO,"26,000"
7749,2001,FLORIDA,"220,000"
7750,2001,GEORGIA,"55,000"
7751,2001,HAWAII,"8,000"
7752,2001,IDAHO,"100,000"
7753,2001,ILLINOIS,"6,000"
7754,2001,INDIANA,"7,000"
7755,2001,IOWA,"33,000"
7756,2001,KANSAS,"13,000"
7757,2001,KENTUCKY,"4,000"
7758,2001,LOUISIANA,"45,000"
7759,2001,MAINE,"11,000"
7760,2001,MARYLAND,"4,000"
7761,2001,MICHIGAN,"76,000"
7762,2001,MINNESOTA,"135,000"
7763,2001,MISSISSIPPI,"17,000"
7764,2001,MISSOURI,"22,000"
7765,2001,MONTANA,"136,000"
7766,2001,NEBRASKA,"43,000"
7767,2001,NEVADA,"9,000"
7768,2001,NEW JERSEY,"11,000"
7769,2001,NEW MEXICO,"10,000"
7770,2001,NEW YORK,"53,000"
7771,2001,NORTH CAROLINA,"13,000"
7772,2001,NORTH DAKOTA,"280,000"
7773,2001,OHIO,"18,000"
7774,2001,OKLAHOMA,"4,000"
7775,2001,OREGON,"44,000"
7776,2001,OTHER STATES,"8,000"
7777,2001,PENNSYLVANIA,"26,000"
7778,2001,SOUTH CAROLINA,"7,000"
7779,2001,SOUTH DAKOTA,"235,000"
7780,2001,TENNESSEE,"8,000"
7781,2001,TEXAS,"97,000"
7782,2001,UTAH,"23,000"
7783,2001,VERMONT,"7,000"
7784,2001,VIRGINIA,"9,000"
7785,2001,WASHINGTON,"48,000"
7786,2001,WEST VIRGINIA,"7,000"
7787,2001,WISCONSIN,"67,000"
7788,2001,WYOMING,"38,000"
7789,2000,ALABAMA,"16,000"
7790,2000,ARIZONA,"40,000"
7791,2000,ARKANSAS,"52,000"
7792,2000,CALIFORNIA,"440,000"
7793,2000,COLORADO,"29,000"
7794,2000,FLORIDA,"232,000"
7795,2000,GEORGIA,"55,000"
7796,2000,HAWAII,"7,000"
7797,2000,IDAHO,"100,000"
7798,2000,ILLINOIS,"8,000"
7799,2000,INDIANA,"8,000"
7800,2000,IOWA,"30,000"
7801,2000,KANSAS,"15,000"
7802,2000,KENTUCKY,"4,000"
7803,2000,LOUISIANA,"43,000"
7804,2000,MAINE,"11,000"
7805,2000,MARYLAND,"6,000"
7806,2000,MICHIGAN,"72,000"
7807,2000,MINNESOTA,"150,000"
7808,2000,MISSISSIPPI,"17,000"
7809,2000,MISSOURI,"23,000"
7810,2000,MONTANA,"124,000"
7811,2000,NEBRASKA,"50,000"
7812,2000,NEVADA,"10,000"
7813,2000,NEW JERSEY,"11,000"
7814,2000,NEW MEXICO,"15,000"
7815,2000,NEW YORK,"58,000"
7816,2000,NORTH CAROLINA,"11,000"
7817,2000,NORTH DAKOTA,"300,000"
7818,2000,OHIO,"18,000"
7819,2000,OKLAHOMA,"7,000"
7820,2000,OREGON,"48,000"
7821,2000,OTHER STATES,"18,000"
7822,2000,PENNSYLVANIA,"25,000"
7823,2000,SOUTH DAKOTA,"235,000"
7824,2000,TENNESSEE,"9,000"
7825,2000,TEXAS,"105,000"
7826,2000,UTAH,"24,000"
7827,2000,VERMONT,"7,000"
7828,2000,VIRGINIA,"7,000"
7829,2000,WASHINGTON,"52,000"
7830,2000,WEST VIRGINIA,"7,000"
7831,2000,WISCONSIN,"84,000"
7832,2000,WYOMING,"39,000"
7833,1999,ALABAMA,"17,000"
7834,1999,ARIZONA,"52,000"
7835,1999,ARKANSAS,"52,000"
7836,1999,CALIFORNIA,"465,000"
7837,1999,COLORADO,"27,000"
7838,1999,FLORIDA,"228,000"
7839,1999,GEORGIA,"65,000"
7840,1999,HAWAII,"8,000"
7841,1999,IDAHO,"120,000"
7842,1999,ILLINOIS,"9,000"
7843,1999,INDIANA,"10,000"
7844,1999,IOWA,"40,000"
7845,1999,KANSAS,"13,000"
7846,1999,KENTUCKY,"3,000"
7847,1999,LOUISIANA,"48,000"
7848,1999,MAINE,"14,000"
7849,1999,MARYLAND,"6,000"
7850,1999,MICHIGAN,"73,000"
7851,1999,MINNESOTA,"145,000"
7852,1999,MISSISSIPPI,"18,000"
7853,1999,MISSOURI,"24,000"
7854,1999,MONTANA,"122,000"
7855,1999,NEBRASKA,"58,000"
7856,1999,NEVADA,"9,000"
7857,1999,NEW JERSEY,"10,000"
7858,1999,NEW MEXICO,"15,000"
7859,1999,NEW YORK,"69,000"
7860,1999,NORTH CAROLINA,"9,000"
7861,1999,NORTH DAKOTA,"255,000"
7862,1999,OHIO,"20,000"
7863,1999,OKLAHOMA,"6,000"
7864,1999,OREGON,"45,000"
7865,1999,OTHER STATES,"15,000"
7866,1999,PENNSYLVANIA,"28,000"
7867,1999,SOUTH DAKOTA,"224,000"
7868,1999,TENNESSEE,"8,000"
7869,1999,TEXAS,"108,000"
7870,1999,UTAH,"26,000"
7871,1999,VERMONT,"6,000"
7872,1999,VIRGINIA,"7,000"
7873,1999,WASHINGTON,"52,000"
7874,1999,WEST VIRGINIA,"6,000"
7875,1999,WISCONSIN,"80,000"
7876,1999,WYOMING,"37,000"
7877,1998,ALABAMA,"16,000"
7878,1998,ARIZONA,"55,000"
7879,1998,ARKANSAS,"53,000"
7880,1998,CALIFORNIA,"450,000"
7881,1998,COLORADO,"27,000"
7882,1998,FLORIDA,"230,000"
7883,1998,GEORGIA,"75,000"
7884,1998,HAWAII,"8,000"
7885,1998,IDAHO,"120,000"
7886,1998,ILLINOIS,"9,000"
7887,1998,INDIANA,"9,000"
7888,1998,IOWA,"50,000"
7889,1998,KANSAS,"16,000"
7890,1998,KENTUCKY,"3,000"
7891,1998,LOUISIANA,"41,000"
7892,1998,MAINE,"10,000"
7893,1998,MARYLAND,"7,000"
7894,1998,MICHIGAN,"80,000"
7895,1998,MINNESOTA,"140,000"
7896,1998,MISSISSIPPI,"18,000"
7897,1998,MISSOURI,"23,000"
7898,1998,MONTANA,"115,000"
7899,1998,NEBRASKA,"64,000"
7900,1998,NEVADA,"10,000"
7901,1998,NEW JERSEY,"11,000"
7902,1998,NEW MEXICO,"14,000"
7903,1998,NEW YORK,"65,000"
7904,1998,NORTH CAROLINA,"8,000"
7905,1998,NORTH DAKOTA,"230,000"
7906,1998,OHIO,"18,000"
7907,1998,OKLAHOMA,"4,000"
7908,1998,OREGON,"50,000"
7909,1998,OTHER STATES,"16,000"
7910,1998,PENNSYLVANIA,"26,000"
7911,1998,SOUTH DAKOTA,"225,000"
7912,1998,TENNESSEE,"7,000"
7913,1998,TEXAS,"91,000"
7914,1998,UTAH,"30,000"
7915,1998,VERMONT,"6,000"
7916,1998,VIRGINIA,"8,000"
7917,1998,WASHINGTON,"58,000"
7918,1998,WEST VIRGINIA,"6,000"
7919,1998,WISCONSIN,"89,000"
7920,1998,WYOMING,"46,000"
7921,1997,ALABAMA,"14,000"
7922,1997,ARIZONA,"42,000"
7923,1997,ARKANSAS,"50,000"
7924,1997,CALIFORNIA,"420,000"
7925,1997,COLORADO,"35,000"
7926,1997,FLORIDA,"240,000"
7927,1997,GEORGIA,"75,000"
7928,1997,HAWAII,"9,000"
7929,1997,IDAHO,"120,000"
7930,1997,ILLINOIS,"7,000"
7931,1997,INDIANA,"8,000"
7932,1997,IOWA,"45,000"
7933,1997,KANSAS,"17,000"
7934,1997,KENTUCKY,"3,000"
7935,1997,LOUISIANA,"44,000"
7936,1997,MAINE,"8,000"
7937,1997,MARYLAND,"6,000"
7938,1997,MICHIGAN,"85,000"
7939,1997,MINNESOTA,"145,000"
7940,1997,MISSISSIPPI,"19,000"
7941,1997,MISSOURI,"24,000"
7942,1997,MONTANA,"107,000"
7943,1997,NEBRASKA,"61,000"
7944,1997,NEVADA,"14,000"
7945,1997,NEW JERSEY,"10,000"
7946,1997,NEW MEXICO,"15,000"
7947,1997,NEW YORK,"72,000"
7948,1997,NORTH CAROLINA,"8,000"
7949,1997,NORTH DAKOTA,"245,000"
7950,1997,OHIO,"22,000"
7951,1997,OKLAHOMA,"4,000"
7952,1997,OREGON,"50,000"
7953,1997,OTHER STATES,"14,000"
7954,1997,PENNSYLVANIA,"22,000"
7955,1997,SOUTH DAKOTA,"240,000"
7956,1997,TENNESSEE,"7,000"
7957,1997,TEXAS,"94,000"
7958,1997,UTAH,"32,000"
7959,1997,VERMONT,"5,000"
7960,1997,VIRGINIA,"8,000"
7961,1997,WASHINGTON,"60,000"
7962,1997,WEST VIRGINIA,"8,000"
7963,1997,WISCONSIN,"79,000"
7964,1997,WYOMING,"38,000"
7965,1996,ALABAMA,"15,000"
7966,1996,ARIZONA,"32,000"
7967,1996,ARKANSAS,"50,000"
7968,1996,CALIFORNIA,"390,000"
7969,1996,COLORADO,"30,000"
7970,1996,FLORIDA,"240,000"
7971,1996,GEORGIA,"75,000"
7972,1996,HAWAII,"8,000"
7973,1996,IDAHO,"110,000"
7974,1996,ILLINOIS,"11,000"
7975,1996,INDIANA,"9,000"
7976,1996,IOWA,"52,000"
7977,1996,KANSAS,"16,000"
7978,1996,KENTUCKY,"3,000"
7979,1996,LOUISIANA,"44,000"
7980,1996,MAINE,"9,000"
7981,1996,MARYLAND,"7,000"
7982,1996,MICHIGAN,"90,000"
7983,1996,MINNESOTA,"150,000"
7984,1996,MISSISSIPPI,"17,000"
7985,1996,MISSOURI,"22,000"
7986,1996,MONTANA,"117,000"
7987,1996,NEBRASKA,"65,000"
7988,1996,NEVADA,"14,000"
7989,1996,NEW JERSEY,"7,000"
7990,1996,NEW MEXICO,"15,000"
7991,1996,NEW YORK,"68,000"
7992,1996,NORTH CAROLINA,"12,000"
7993,1996,NORTH DAKOTA,"230,000"
7994,1996,OHIO,"24,000"
7995,1996,OKLAHOMA,"4,000"
7996,1996,OREGON,"55,000"
7997,1996,OTHER STATES,"7,000"
7998,1996,PENNSYLVANIA,"23,000"
7999,1996,SOUTH CAROLINA,"9,000"
8000,1996,SOUTH DAKOTA,"240,000"
8001,1996,TENNESSEE,"5,000"
8002,1996,TEXAS,"82,000"
8003,1996,UTAH,"34,000"
8004,1996,VERMONT,"4,000"
8005,1996,VIRGINIA,"7,000"
8006,1996,WASHINGTON,"60,000"
8007,1996,WEST VIRGINIA,"10,000"
8008,1996,WISCONSIN,"69,000"
8009,1996,WYOMING,"40,000"
8010,1995,ALABAMA,"16,000"
8011,1995,ARIZONA,"52,000"
8012,1995,ARKANSAS,"55,000"
8013,1995,CALIFORNIA,"420,000"
8014,1995,COLORADO,"45,000"
8015,1995,FLORIDA,"230,000"
8016,1995,GEORGIA,"70,000"
8017,1995,HAWAII,"8,000"
8018,1995,IDAHO,"125,000"
8019,1995,ILLINOIS,"11,000"
8020,1995,INDIANA,"12,000"
8021,1995,IOWA,"45,000"
8022,1995,KANSAS,"17,000"
8023,1995,KENTUCKY,"3,000"
8024,1995,LOUISIANA,"38,000"
8025,1995,MAINE,"11,000"
8026,1995,MARYLAND,"7,000"
8027,1995,MICHIGAN,"97,000"
8028,1995,MINNESOTA,"165,000"
8029,1995,MISSISSIPPI,"16,000"
8030,1995,MISSOURI,"23,000"
8031,1995,MONTANA,"106,000"
8032,1995,NEBRASKA,"60,000"
8033,1995,NEVADA,"10,000"
8034,1995,NEW JERSEY,"10,000"
8035,1995,NEW MEXICO,"19,000"
8036,1995,NEW YORK,"70,000"
8037,1995,NORTH CAROLINA,"12,000"
8038,1995,NORTH DAKOTA,"220,000"
8039,1995,OHIO,"25,000"
8040,1995,OKLAHOMA,"4,000"
8041,1995,OREGON,"52,000"
8042,1995,OTHER STATES,"8,000"
8043,1995,PENNSYLVANIA,"25,000"
8044,1995,SOUTH CAROLINA,"9,000"
8045,1995,SOUTH DAKOTA,"240,000"
8046,1995,TENNESSEE,"5,000"
8047,1995,TEXAS,"84,000"
8048,1995,UTAH,"32,000"
8049,1995,VERMONT,"5,000"
8050,1995,VIRGINIA,"9,000"
8051,1995,WASHINGTON,"60,000"
8052,1995,WEST VIRGINIA,"13,000"
8053,1995,WISCONSIN,"73,000"
8054,1995,WYOMING,"38,000"
8055,1994,ALABAMA,"18,000"
8056,1994,ARIZONA,"53,000"
8057,1994,ARKANSAS,"55,000"
8058,1994,CALIFORNIA,"400,000"
8059,1994,COLORADO,"45,000"
8060,1994,FLORIDA,"230,000"
8061,1994,GEORGIA,"80,000"
8062,1994,HAWAII,"9,000"
8063,1994,IDAHO,"127,000"
8064,1994,ILLINOIS,"13,000"
8065,1994,INDIANA,"13,000"
8066,1994,IOWA,"52,000"
8067,1994,KANSAS,"19,000"
8068,1994,KENTUCKY,"3,000"
8069,1994,LOUISIANA,"40,000"
8070,1994,MAINE,"8,000"
8071,1994,MARYLAND,"7,000"
8072,1994,MICHIGAN,"90,000"
8073,1994,MINNESOTA,"170,000"
8074,1994,MISSISSIPPI,"19,000"
8075,1994,MISSOURI,"25,000"
8076,1994,MONTANA,"119,000"
8077,1994,NEBRASKA,"72,000"
8078,1994,NEVADA,"14,000"
8079,1994,NEW JERSEY,"11,000"
8080,1994,NEW MEXICO,"19,000"
8081,1994,NEW YORK,"68,000"
8082,1994,NORTH CAROLINA,"15,000"
8083,1994,NORTH DAKOTA,"235,000"
8084,1994,OHIO,"27,000"
8085,1994,OKLAHOMA,"5,000"
8086,1994,OREGON,"50,000"
8087,1994,OTHER STATES,"6,000"
8088,1994,PENNSYLVANIA,"27,000"
8089,1994,SOUTH CAROLINA,"10,000"
8090,1994,SOUTH DAKOTA,"260,000"
8091,1994,TENNESSEE,"6,000"
8092,1994,TEXAS,"103,000"
8093,1994,UTAH,"43,000"
8094,1994,VERMONT,"5,000"
8095,1994,VIRGINIA,"11,000"
8096,1994,WASHINGTON,"60,000"
8097,1994,WEST VIRGINIA,"20,000"
8098,1994,WISCONSIN,"75,000"
8099,1994,WYOMING,"46,000"
8100,1993,ALABAMA,"19,000"
8101,1993,ARIZONA,"55,000"
8102,1993,ARKANSAS,"50,000"
8103,1993,CALIFORNIA,"500,000"
8104,1993,COLORADO,"53,000"
8105,1993,FLORIDA,"200,000"
8106,1993,GEORGIA,"80,000"
8107,1993,HAWAII,"9,000"
8108,1993,IDAHO,"133,000"
8109,1993,ILLINOIS,"15,000"
8110,1993,INDIANA,"12,000"
8111,1993,IOWA,"56,000"
8112,1993,KANSAS,"23,000"
8113,1993,KENTUCKY,"4,000"
8114,1993,LOUISIANA,"47,000"
8115,1993,MAINE,"13,000"
8116,1993,MARYLAND,"7,000"
8117,1993,MICHIGAN,"90,000"
8118,1993,MINNESOTA,"180,000"
8119,1993,MISSISSIPPI,"17,000"
8120,1993,MISSOURI,"24,000"
8121,1993,MONTANA,"95,000"
8122,1993,NEBRASKA,"83,000"
8123,1993,NEVADA,"14,000"
8124,1993,NEW JERSEY,"11,000"
8125,1993,NEW MEXICO,"18,000"
8126,1993,NEW YORK,"65,000"
8127,1993,NORTH CAROLINA,"15,000"
8128,1993,NORTH DAKOTA,"220,000"
8129,1993,OHIO,"30,000"
8130,1993,OKLAHOMA,"6,000"
8131,1993,OREGON,"53,000"
8132,1993,OTHER STATES,"9,000"
8133,1993,PENNSYLVANIA,"28,000"
8134,1993,SOUTH CAROLINA,"11,000"
8135,1993,SOUTH DAKOTA,"245,000"
8136,1993,TENNESSEE,"8,000"
8137,1993,TEXAS,"105,000"
8138,1993,UTAH,"42,000"
8139,1993,VERMONT,"6,000"
8140,1993,VIRGINIA,"10,000"
8141,1993,WASHINGTON,"60,000"
8142,1993,WEST VIRGINIA,"20,000"
8143,1993,WISCONSIN,"100,000"
8144,1993,WYOMING,"34,000"
8145,1992,ALABAMA,"25,000"
8146,1992,ARIZONA,"70,000"
8147,1992,ARKANSAS,"45,000"
8148,1992,CALIFORNIA,"490,000"
8149,1992,COLORADO,"52,000"
8150,1992,FLORIDA,"220,000"
8151,1992,GEORGIA,"85,000"
8152,1992,HAWAII,"9,000"
8153,1992,IDAHO,"135,000"
8154,1992,ILLINOIS,"16,000"
8155,1992,INDIANA,"15,000"
8156,1992,IOWA,"65,000"
8157,1992,KANSAS,"28,000"
8158,1992,KENTUCKY,"4,000"
8159,1992,LOUISIANA,"45,000"
8160,1992,MAINE,"15,000"
8161,1992,MARYLAND,"6,000"
8162,1992,MICHIGAN,"95,000"
8163,1992,MINNESOTA,"190,000"
8164,1992,MISSISSIPPI,"25,000"
8165,1992,MISSOURI,"25,000"
8166,1992,MONTANA,"87,000"
8167,1992,NEBRASKA,"96,000"
8168,1992,NEVADA,"15,000"
8169,1992,NEW JERSEY,"8,000"
8170,1992,NEW MEXICO,"18,000"
8171,1992,NEW YORK,"70,000"
8172,1992,NORTH CAROLINA,"15,000"
8173,1992,NORTH DAKOTA,"240,000"
8174,1992,OHIO,"38,000"
8175,1992,OKLAHOMA,"9,000"
8176,1992,OREGON,"52,000"
8177,1992,OTHER STATES,"9,000"
8178,1992,PENNSYLVANIA,"30,000"
8179,1992,SOUTH CAROLINA,"11,000"
8180,1992,SOUTH DAKOTA,"240,000"
8181,1992,TENNESSEE,"7,000"
8182,1992,TEXAS,"125,000"
8183,1992,UTAH,"47,000"
8184,1992,VERMONT,"6,000"
8185,1992,VIRGINIA,"13,000"
8186,1992,WASHINGTON,"80,000"
8187,1992,WEST VIRGINIA,"23,000"
8188,1992,WISCONSIN,"105,000"
8189,1992,WYOMING,"41,000"
8190,1991,ALABAMA,"23,000"
8191,1991,ARIZONA,"75,000"
8192,1991,ARKANSAS,"47,000"
8193,1991,CALIFORNIA,"550,000"
8194,1991,COLORADO,"50,000"
8195,1991,FLORIDA,"225,000"
8196,1991,GEORGIA,"102,000"
8197,1991,HAWAII,"10,000"
8198,1991,IDAHO,"140,000"
8199,1991,ILLINOIS,"21,000"
8200,1991,INDIANA,"21,000"
8201,1991,IOWA,"70,000"
8202,1991,KANSAS,"35,000"
8203,1991,KENTUCKY,"7,000"
8204,1991,LOUISIANA,"40,000"
8205,1991,MAINE,"13,000"
8206,1991,MARYLAND,"7,000"
8207,1991,MICHIGAN,"105,000"
8208,1991,MINNESOTA,"180,000"
8209,1991,MISSISSIPPI,"28,000"
8210,1991,MISSOURI,"28,000"
8211,1991,MONTANA,"86,000"
8212,1991,NEBRASKA,"108,000"
8213,1991,NEVADA,"15,000"
8214,1991,NEW JERSEY,"11,000"
8215,1991,NEW MEXICO,"20,000"
8216,1991,NEW YORK,"77,000"
8217,1991,NORTH CAROLINA,"18,000"
8218,1991,NORTH DAKOTA,"215,000"
8219,1991,OHIO,"48,000"
8220,1991,OKLAHOMA,"9,000"
8221,1991,OREGON,"56,000"
8222,1991,OTHER STATES,"12,000"
8223,1991,PENNSYLVANIA,"40,000"
8224,1991,SOUTH CAROLINA,"11,000"
8225,1991,SOUTH DAKOTA,"225,000"
8226,1991,TENNESSEE,"14,000"
8227,1991,TEXAS,"140,000"
8228,1991,UTAH,"45,000"
8229,1991,VERMONT,"6,000"
8230,1991,VIRGINIA,"16,000"
8231,1991,WASHINGTON,"85,000"
8232,1991,WEST VIRGINIA,"26,000"
8233,1991,WISCONSIN,"110,000"
8234,1991,WYOMING,"41,000"
8235,1990,ALABAMA,"29,000"
8236,1990,ARIZONA,"67,000"
8237,1990,ARKANSAS,"42,000"
8238,1990,CALIFORNIA,"480,000"
8239,1990,COLORADO,"55,000"
8240,1990,CONNECTICUT,"2,000"
8241,1990,DELAWARE,"1,000"
8242,1990,FLORIDA,"220,000"
8243,1990,GEORGIA,"111,000"
8244,1990,HAWAII,"10,000"
8245,1990,IDAHO,"140,000"
8246,1990,ILLINOIS,"23,000"
8247,1990,INDIANA,"22,000"
8248,1990,IOWA,"70,000"
8249,1990,KANSAS,"36,000"
8250,1990,KENTUCKY,"8,000"
8251,1990,LOUISIANA,"38,000"
8252,1990,MAINE,"20,000"
8253,1990,MARYLAND,"7,000"
8254,1990,MASSACHUSETTS,"15,000"
8255,1990,MICHIGAN,"100,000"
8256,1990,MINNESOTA,"170,000"
8257,1990,MISSISSIPPI,"24,000"
8258,1990,MISSOURI,"30,000"
8259,1990,MONTANA,"98,000"
8260,1990,NEBRASKA,"118,000"
8261,1990,NEVADA,"17,000"
8262,1990,NEW HAMPSHIRE,"1,000"
8263,1990,NEW JERSEY,"15,000"
8264,1990,NEW MEXICO,"29,000"
8265,1990,NEW YORK,"81,000"
8266,1990,NORTH CAROLINA,"20,000"
8267,1990,NORTH DAKOTA,"220,000"
8268,1990,OHIO,"42,000"
8269,1990,OKLAHOMA,"9,000"
8270,1990,OREGON,"61,000"
8271,1990,PENNSYLVANIA,"41,000"
8272,1990,RHODE ISLAND,"1,000"
8273,1990,SOUTH CAROLINA,"12,000"
8274,1990,SOUTH DAKOTA,"245,000"
8275,1990,TENNESSEE,"19,000"
8276,1990,TEXAS,"140,000"
8277,1990,UTAH,"47,000"
8278,1990,VERMONT,"6,000"
8279,1990,VIRGINIA,"16,000"
8280,1990,WASHINGTON,"80,000"
8281,1990,WEST VIRGINIA,"30,000"
8282,1990,WISCONSIN,"112,000"
8283,1990,WYOMING,"40,000"
8284,1989,ALABAMA,"41,000"
8285,1989,ARIZONA,"78,000"
8286,1989,ARKANSAS,"34,000"
8287,1989,CALIFORNIA,"620,000"
8288,1989,COLORADO,"50,000"
8289,1989,CONNECTICUT,"2,000"
8290,1989,DELAWARE,"1,000"
8291,1989,FLORIDA,"250,000"
8292,1989,GEORGIA,"116,000"
8293,1989,HAWAII,"9,000"
8294,1989,IDAHO,"140,000"
8295,1989,ILLINOIS,"29,000"
8296,1989,INDIANA,"28,000"
8297,1989,IOWA,"67,000"
8298,1989,KANSAS,"37,000"
8299,1989,KENTUCKY,"12,000"
8300,1989,LOUISIANA,"35,000"
8301,1989,MAINE,"17,000"
8302,1989,MARYLAND,"9,000"
8303,1989,MASSACHUSETTS,"8,000"
8304,1989,MICHIGAN,"102,000"
8305,1989,MINNESOTA,"165,000"
8306,1989,MISSISSIPPI,"24,000"
8307,1989,MISSOURI,"33,000"
8308,1989,MONTANA,"100,000"
8309,1989,NEBRASKA,"119,000"
8310,1989,NEVADA,"15,000"
8311,1989,NEW HAMPSHIRE,"1,000"
8312,1989,NEW JERSEY,"25,000"
8313,1989,NEW MEXICO,"23,000"
8314,1989,NEW YORK,"94,000"
8315,1989,NORTH CAROLINA,"25,000"
8316,1989,NORTH DAKOTA,"310,000"
8317,1989,OHIO,"53,000"
8318,1989,OKLAHOMA,"9,000"
8319,1989,OREGON,"63,000"
8320,1989,PENNSYLVANIA,"41,000"
8321,1989,RHODE ISLAND,"1,000"
8322,1989,SOUTH CAROLINA,"15,000"
8323,1989,SOUTH DAKOTA,"235,000"
8324,1989,TENNESSEE,"25,000"
8325,1989,TEXAS,"140,000"
8326,1989,UTAH,"47,000"
8327,1989,VERMONT,"6,000"
8328,1989,VIRGINIA,"23,000"
8329,1989,WASHINGTON,"70,000"
8330,1989,WEST VIRGINIA,"32,000"
8331,1989,WISCONSIN,"108,000"
8332,1989,WYOMING,"41,000"
8333,1988,ALABAMA,"42,000"
8334,1988,ARIZONA,"80,000"
8335,1988,ARKANSAS,"34,000"
8336,1988,CALIFORNIA,"600,000"
8337,1988,COLORADO,"48,000"
8338,1988,CONNECTICUT,"2,000"
8339,1988,DELAWARE,"1,000"
8340,1988,FLORIDA,"240,000"
8341,1988,GEORGIA,"115,000"
8342,1988,HAWAII,"9,000"
8343,1988,IDAHO,"127,000"
8344,1988,ILLINOIS,"28,000"
8345,1988,INDIANA,"29,000"
8346,1988,IOWA,"49,000"
8347,1988,KANSAS,"42,000"
8348,1988,KENTUCKY,"12,000"
8349,1988,LOUISIANA,"38,000"
8350,1988,MAINE,"14,000"
8351,1988,MARYLAND,"7,000"
8352,1988,MASSACHUSETTS,"15,000"
8353,1988,MICHIGAN,"95,000"
8354,1988,MINNESOTA,"160,000"
8355,1988,MISSISSIPPI,"21,000"
8356,1988,MISSOURI,"30,000"
8357,1988,MONTANA,"105,000"
8358,1988,NEBRASKA,"113,000"
8359,1988,NEVADA,"9,000"
8360,1988,NEW HAMPSHIRE,"1,000"
8361,1988,NEW JERSEY,"30,000"
8362,1988,NEW MEXICO,"21,000"
8363,1988,NEW YORK,"94,000"
8364,1988,NORTH CAROLINA,"21,000"
8365,1988,NORTH DAKOTA,"250,000"
8366,1988,OHIO,"50,000"
8367,1988,OKLAHOMA,"10,000"
8368,1988,OREGON,"60,000"
8369,1988,PENNSYLVANIA,"45,000"
8370,1988,RHODE ISLAND,"1,000"
8371,1988,SOUTH CAROLINA,"14,000"
8372,1988,SOUTH DAKOTA,"245,000"
8373,1988,TENNESSEE,"35,000"
8374,1988,TEXAS,"124,000"
8375,1988,UTAH,"36,000"
8376,1988,VERMONT,"7,000"
8377,1988,VIRGINIA,"25,000"
8378,1988,WASHINGTON,"65,000"
8379,1988,WEST VIRGINIA,"30,000"
8380,1988,WISCONSIN,"102,000"
8381,1988,WYOMING,"39,000"
8382,1987,ALABAMA,"46,000"
8383,1987,ARIZONA,"80,000"
8384,1987,ARKANSAS,"29,000"
8385,1987,CALIFORNIA,"540,000"
8386,1987,COLORADO,"44,000"
8387,1987,CONNECTICUT,"2,000"
8388,1987,DELAWARE,"1,000"
8389,1987,FLORIDA,"240,000"
8390,1987,GEORGIA,"120,000"
8391,1987,HAWAII,"9,000"
8392,1987,IDAHO,"120,000"
8393,1987,ILLINOIS,"28,000"
8394,1987,INDIANA,"25,000"
8395,1987,IOWA,"44,000"
8396,1987,KANSAS,"46,000"
8397,1987,KENTUCKY,"14,000"
8398,1987,LOUISIANA,"35,000"
8399,1987,MAINE,"9,000"
8400,1987,MARYLAND,"7,000"
8401,1987,MASSACHUSETTS,"11,000"
8402,1987,MICHIGAN,"93,000"
8403,1987,MINNESOTA,"160,000"
8404,1987,MISSISSIPPI,"19,000"
8405,1987,MISSOURI,"30,000"
8406,1987,MONTANA,"95,000"
8407,1987,NEBRASKA,"110,000"
8408,1987,NEVADA,"11,000"
8409,1987,NEW HAMPSHIRE,"1,000"
8410,1987,NEW JERSEY,"25,000"
8411,1987,NEW MEXICO,"19,000"
8412,1987,NEW YORK,"90,000"
8413,1987,NORTH CAROLINA,"20,000"
8414,1987,NORTH DAKOTA,"300,000"
8415,1987,OHIO,"55,000"
8416,1987,OKLAHOMA,"10,000"
8417,1987,OREGON,"55,000"
8418,1987,PENNSYLVANIA,"48,000"
8419,1987,RHODE ISLAND,"1,000"
8420,1987,SOUTH CAROLINA,"15,000"
8421,1987,SOUTH DAKOTA,"260,000"
8422,1987,TENNESSEE,"35,000"
8423,1987,TEXAS,"120,000"
8424,1987,UTAH,"35,000"
8425,1987,VERMONT,"7,000"
8426,1987,VIRGINIA,"25,000"
8427,1987,WASHINGTON,"75,000"
8428,1987,WEST VIRGINIA,"21,000"
8429,1987,WISCONSIN,"92,000"
8430,1987,WYOMING,"39,000"
